-- phpMyAdmin SQL Dump
-- version 4.9.0.1
-- https://www.phpmyadmin.net/
--
-- Host: 127.0.0.1
-- Generation Time: Sep 19, 2019 at 12:01 PM
-- Server version: 10.4.6-MariaDB
-- PHP Version: 7.3.9

SET SQL_MODE = "NO_AUTO_VALUE_ON_ZERO";
SET AUTOCOMMIT = 0;
START TRANSACTION;
SET time_zone = "+00:00";


/*!40101 SET @OLD_CHARACTER_SET_CLIENT=@@CHARACTER_SET_CLIENT */;
/*!40101 SET @OLD_CHARACTER_SET_RESULTS=@@CHARACTER_SET_RESULTS */;
/*!40101 SET @OLD_COLLATION_CONNECTION=@@COLLATION_CONNECTION */;
/*!40101 SET NAMES utf8mb4 */;

--
-- Database: `gradesdb`
--

-- --------------------------------------------------------

--
-- Table structure for table `failed_jobs`
--

CREATE TABLE `failed_jobs` (
  `id` bigint(20) UNSIGNED NOT NULL,
  `connection` text COLLATE utf8mb4_unicode_ci NOT NULL,
  `queue` text COLLATE utf8mb4_unicode_ci NOT NULL,
  `payload` longtext COLLATE utf8mb4_unicode_ci NOT NULL,
  `exception` longtext COLLATE utf8mb4_unicode_ci NOT NULL,
  `failed_at` timestamp NOT NULL DEFAULT current_timestamp()
) ENGINE=InnoDB DEFAULT CHARSET=utf8mb4 COLLATE=utf8mb4_unicode_ci;

-- --------------------------------------------------------

--
-- Table structure for table `grades`
--

CREATE TABLE `grades` (
  `id` bigint(20) UNSIGNED NOT NULL,
  `student_id` bigint(20) UNSIGNED NOT NULL,
  `exam` varchar(255) COLLATE utf8mb4_unicode_ci NOT NULL,
  `grade` int(11) NOT NULL,
  `created_at` timestamp NULL DEFAULT NULL,
  `updated_at` timestamp NULL DEFAULT NULL
) ENGINE=InnoDB DEFAULT CHARSET=utf8mb4 COLLATE=utf8mb4_unicode_ci;

--
-- Dumping data for table `grades`
--

INSERT INTO `grades` (`id`, `student_id`, `exam`, `grade`, `created_at`, `updated_at`) VALUES
(1, 34, 'aut', 100, '2019-09-19 06:51:46', '2019-09-19 06:51:46'),
(2, 21, 'reprehenderit', 93, '2019-09-19 06:51:46', '2019-09-19 06:51:46'),
(3, 40, 'sint', 81, '2019-09-19 06:51:46', '2019-09-19 06:51:46'),
(4, 24, 'similique', 77, '2019-09-19 06:51:47', '2019-09-19 06:51:47'),
(5, 25, 'sit', 89, '2019-09-19 06:51:47', '2019-09-19 06:51:47'),
(6, 29, 'veniam', 90, '2019-09-19 06:51:47', '2019-09-19 06:51:47'),
(7, 21, 'vel', 96, '2019-09-19 06:51:47', '2019-09-19 06:51:47'),
(8, 24, 'quaerat', 94, '2019-09-19 06:51:47', '2019-09-19 06:51:47'),
(9, 1, 'ab', 90, '2019-09-19 06:51:47', '2019-09-19 06:51:47'),
(10, 18, 'dignissimos', 99, '2019-09-19 06:51:47', '2019-09-19 06:51:47'),
(11, 13, 'voluptates', 80, '2019-09-19 06:51:47', '2019-09-19 06:51:47'),
(12, 1, 'error', 76, '2019-09-19 06:51:47', '2019-09-19 06:51:47'),
(13, 8, 'reiciendis', 71, '2019-09-19 06:51:47', '2019-09-19 06:51:47'),
(14, 29, 'voluptas', 87, '2019-09-19 06:51:47', '2019-09-19 06:51:47'),
(15, 2, 'aut', 96, '2019-09-19 06:51:47', '2019-09-19 06:51:47'),
(16, 15, 'magnam', 75, '2019-09-19 06:51:47', '2019-09-19 06:51:47'),
(17, 23, 'dignissimos', 88, '2019-09-19 06:51:47', '2019-09-19 06:51:47'),
(18, 17, 'et', 77, '2019-09-19 06:51:47', '2019-09-19 06:51:47'),
(19, 39, 'sint', 71, '2019-09-19 06:51:47', '2019-09-19 06:51:47'),
(20, 1, 'expedita', 87, '2019-09-19 06:51:47', '2019-09-19 06:51:47'),
(21, 15, 'aut', 85, '2019-09-19 06:51:48', '2019-09-19 06:51:48'),
(22, 6, 'placeat', 82, '2019-09-19 06:51:48', '2019-09-19 06:51:48'),
(23, 32, 'modi', 88, '2019-09-19 06:51:48', '2019-09-19 06:51:48'),
(24, 31, 'cumque', 100, '2019-09-19 06:51:48', '2019-09-19 06:51:48'),
(25, 10, 'assumenda', 88, '2019-09-19 06:51:48', '2019-09-19 06:51:48'),
(26, 13, 'quaerat', 70, '2019-09-19 06:51:48', '2019-09-19 06:51:48'),
(27, 32, 'ut', 90, '2019-09-19 06:51:48', '2019-09-19 06:51:48'),
(28, 9, 'eaque', 73, '2019-09-19 06:51:48', '2019-09-19 06:51:48'),
(29, 37, 'non', 81, '2019-09-19 06:51:48', '2019-09-19 06:51:48'),
(30, 22, 'deleniti', 79, '2019-09-19 06:51:48', '2019-09-19 06:51:48'),
(31, 17, 'consequuntur', 73, '2019-09-19 06:51:48', '2019-09-19 06:51:48'),
(32, 35, 'dolore', 72, '2019-09-19 06:51:48', '2019-09-19 06:51:48'),
(33, 3, 'provident', 100, '2019-09-19 06:51:48', '2019-09-19 06:51:48'),
(34, 23, 'tempore', 70, '2019-09-19 06:51:48', '2019-09-19 06:51:48'),
(35, 26, 'ad', 77, '2019-09-19 06:51:48', '2019-09-19 06:51:48'),
(36, 36, 'eos', 93, '2019-09-19 06:51:48', '2019-09-19 06:51:48'),
(37, 34, 'aspernatur', 74, '2019-09-19 06:51:48', '2019-09-19 06:51:48'),
(38, 39, 'possimus', 91, '2019-09-19 06:51:49', '2019-09-19 06:51:49'),
(39, 40, 'dolores', 90, '2019-09-19 06:51:49', '2019-09-19 06:51:49'),
(40, 3, 'excepturi', 95, '2019-09-19 06:51:49', '2019-09-19 06:51:49'),
(41, 37, 'animi', 73, '2019-09-19 06:51:49', '2019-09-19 06:51:49'),
(42, 1, 'nihil', 92, '2019-09-19 06:51:49', '2019-09-19 06:51:49'),
(43, 6, 'rerum', 90, '2019-09-19 06:51:49', '2019-09-19 06:51:49'),
(44, 32, 'dicta', 73, '2019-09-19 06:51:49', '2019-09-19 06:51:49'),
(45, 6, 'ea', 83, '2019-09-19 06:51:49', '2019-09-19 06:51:49'),
(46, 12, 'temporibus', 100, '2019-09-19 06:51:49', '2019-09-19 06:51:49'),
(47, 17, 'dolorem', 72, '2019-09-19 06:51:49', '2019-09-19 06:51:49'),
(48, 20, 'sunt', 97, '2019-09-19 06:51:49', '2019-09-19 06:51:49'),
(49, 40, 'laborum', 71, '2019-09-19 06:51:49', '2019-09-19 06:51:49'),
(50, 21, 'at', 80, '2019-09-19 06:51:49', '2019-09-19 06:51:49'),
(51, 20, 'earum', 80, '2019-09-19 06:51:49', '2019-09-19 06:51:49'),
(52, 12, 'dolores', 80, '2019-09-19 06:51:49', '2019-09-19 06:51:49'),
(53, 17, 'et', 77, '2019-09-19 06:51:49', '2019-09-19 06:51:49'),
(54, 31, 'suscipit', 87, '2019-09-19 06:51:49', '2019-09-19 06:51:49'),
(55, 34, 'aut', 75, '2019-09-19 06:51:50', '2019-09-19 06:51:50'),
(56, 3, 'repellendus', 97, '2019-09-19 06:51:50', '2019-09-19 06:51:50'),
(57, 22, 'delectus', 85, '2019-09-19 06:51:50', '2019-09-19 06:51:50'),
(58, 29, 'nulla', 89, '2019-09-19 06:51:50', '2019-09-19 06:51:50'),
(59, 30, 'itaque', 93, '2019-09-19 06:51:50', '2019-09-19 06:51:50'),
(60, 21, 'ut', 97, '2019-09-19 06:51:50', '2019-09-19 06:51:50'),
(61, 28, 'possimus', 94, '2019-09-19 06:51:50', '2019-09-19 06:51:50'),
(62, 33, 'consectetur', 86, '2019-09-19 06:51:50', '2019-09-19 06:51:50'),
(63, 10, 'ut', 87, '2019-09-19 06:51:50', '2019-09-19 06:51:50'),
(64, 14, 'sit', 98, '2019-09-19 06:51:50', '2019-09-19 06:51:50'),
(65, 16, 'ratione', 91, '2019-09-19 06:51:50', '2019-09-19 06:51:50'),
(66, 32, 'voluptas', 91, '2019-09-19 06:51:50', '2019-09-19 06:51:50'),
(67, 12, 'alias', 96, '2019-09-19 06:51:50', '2019-09-19 06:51:50'),
(68, 21, 'nostrum', 98, '2019-09-19 06:51:50', '2019-09-19 06:51:50'),
(69, 20, 'rem', 85, '2019-09-19 06:51:50', '2019-09-19 06:51:50'),
(70, 26, 'aliquid', 87, '2019-09-19 06:51:50', '2019-09-19 06:51:50'),
(71, 7, 'sunt', 92, '2019-09-19 06:51:50', '2019-09-19 06:51:50'),
(72, 26, 'quisquam', 93, '2019-09-19 06:51:51', '2019-09-19 06:51:51'),
(73, 8, 'similique', 85, '2019-09-19 06:51:51', '2019-09-19 06:51:51'),
(74, 37, 'molestias', 90, '2019-09-19 06:51:51', '2019-09-19 06:51:51'),
(75, 17, 'non', 97, '2019-09-19 06:51:51', '2019-09-19 06:51:51'),
(76, 7, 'voluptatibus', 83, '2019-09-19 06:51:51', '2019-09-19 06:51:51'),
(77, 5, 'tenetur', 82, '2019-09-19 06:51:51', '2019-09-19 06:51:51'),
(78, 10, 'voluptatem', 84, '2019-09-19 06:51:51', '2019-09-19 06:51:51'),
(79, 2, 'voluptas', 84, '2019-09-19 06:51:51', '2019-09-19 06:51:51'),
(80, 18, 'laudantium', 83, '2019-09-19 06:51:51', '2019-09-19 06:51:51'),
(81, 26, 'expedita', 76, '2019-09-19 06:51:51', '2019-09-19 06:51:51'),
(82, 16, 'architecto', 90, '2019-09-19 06:51:51', '2019-09-19 06:51:51'),
(83, 37, 'aspernatur', 74, '2019-09-19 06:51:51', '2019-09-19 06:51:51'),
(84, 9, 'voluptas', 99, '2019-09-19 06:51:51', '2019-09-19 06:51:51'),
(85, 16, 'molestiae', 85, '2019-09-19 06:51:51', '2019-09-19 06:51:51'),
(86, 12, 'ipsam', 89, '2019-09-19 06:51:51', '2019-09-19 06:51:51'),
(87, 19, 'qui', 100, '2019-09-19 06:51:52', '2019-09-19 06:51:52'),
(88, 8, 'quibusdam', 84, '2019-09-19 06:51:52', '2019-09-19 06:51:52'),
(89, 2, 'laudantium', 71, '2019-09-19 06:51:52', '2019-09-19 06:51:52'),
(90, 8, 'quisquam', 88, '2019-09-19 06:51:52', '2019-09-19 06:51:52'),
(91, 5, 'amet', 94, '2019-09-19 06:51:52', '2019-09-19 06:51:52'),
(92, 16, 'doloremque', 96, '2019-09-19 06:51:52', '2019-09-19 06:51:52'),
(93, 3, 'eveniet', 82, '2019-09-19 06:51:52', '2019-09-19 06:51:52'),
(94, 38, 'sunt', 98, '2019-09-19 06:51:52', '2019-09-19 06:51:52'),
(95, 34, 'quibusdam', 86, '2019-09-19 06:51:52', '2019-09-19 06:51:52'),
(96, 18, 'nihil', 75, '2019-09-19 06:51:53', '2019-09-19 06:51:53'),
(97, 36, 'quia', 73, '2019-09-19 06:51:53', '2019-09-19 06:51:53'),
(98, 18, 'libero', 71, '2019-09-19 06:51:53', '2019-09-19 06:51:53'),
(99, 11, 'quam', 91, '2019-09-19 06:51:53', '2019-09-19 06:51:53'),
(100, 18, 'amet', 98, '2019-09-19 06:51:53', '2019-09-19 06:51:53'),
(101, 19, 'necessitatibus', 78, '2019-09-19 06:51:53', '2019-09-19 06:51:53'),
(102, 39, 'doloribus', 88, '2019-09-19 06:51:53', '2019-09-19 06:51:53'),
(103, 31, 'voluptatem', 88, '2019-09-19 06:51:53', '2019-09-19 06:51:53'),
(104, 31, 'iusto', 81, '2019-09-19 06:51:53', '2019-09-19 06:51:53'),
(105, 5, 'error', 81, '2019-09-19 06:51:53', '2019-09-19 06:51:53'),
(106, 23, 'facilis', 80, '2019-09-19 06:51:53', '2019-09-19 06:51:53'),
(107, 28, 'omnis', 72, '2019-09-19 06:51:53', '2019-09-19 06:51:53'),
(108, 26, 'sequi', 83, '2019-09-19 06:51:53', '2019-09-19 06:51:53'),
(109, 33, 'saepe', 85, '2019-09-19 06:51:53', '2019-09-19 06:51:53'),
(110, 34, 'vel', 88, '2019-09-19 06:51:54', '2019-09-19 06:51:54'),
(111, 30, 'et', 91, '2019-09-19 06:51:54', '2019-09-19 06:51:54'),
(112, 8, 'occaecati', 91, '2019-09-19 06:51:54', '2019-09-19 06:51:54'),
(113, 38, 'nulla', 86, '2019-09-19 06:51:54', '2019-09-19 06:51:54'),
(114, 7, 'fuga', 78, '2019-09-19 06:51:54', '2019-09-19 06:51:54'),
(115, 24, 'nesciunt', 84, '2019-09-19 06:51:54', '2019-09-19 06:51:54'),
(116, 15, 'harum', 97, '2019-09-19 06:51:54', '2019-09-19 06:51:54'),
(117, 36, 'distinctio', 98, '2019-09-19 06:51:54', '2019-09-19 06:51:54'),
(118, 9, 'sint', 72, '2019-09-19 06:51:54', '2019-09-19 06:51:54'),
(119, 12, 'aliquid', 85, '2019-09-19 06:51:54', '2019-09-19 06:51:54'),
(120, 12, 'totam', 88, '2019-09-19 06:51:54', '2019-09-19 06:51:54'),
(121, 30, 'hic', 83, '2019-09-19 06:51:54', '2019-09-19 06:51:54'),
(122, 22, 'nemo', 79, '2019-09-19 06:51:54', '2019-09-19 06:51:54'),
(123, 32, 'praesentium', 86, '2019-09-19 06:51:54', '2019-09-19 06:51:54'),
(124, 25, 'ipsum', 95, '2019-09-19 06:51:54', '2019-09-19 06:51:54'),
(125, 30, 'odit', 70, '2019-09-19 06:51:54', '2019-09-19 06:51:54'),
(126, 12, 'tempore', 89, '2019-09-19 06:51:55', '2019-09-19 06:51:55'),
(127, 27, 'et', 99, '2019-09-19 06:51:55', '2019-09-19 06:51:55'),
(128, 21, 'cum', 93, '2019-09-19 06:51:55', '2019-09-19 06:51:55'),
(129, 22, 'nam', 87, '2019-09-19 06:51:55', '2019-09-19 06:51:55'),
(130, 28, 'natus', 96, '2019-09-19 06:51:55', '2019-09-19 06:51:55'),
(131, 40, 'ut', 82, '2019-09-19 06:51:55', '2019-09-19 06:51:55'),
(132, 10, 'temporibus', 100, '2019-09-19 06:51:55', '2019-09-19 06:51:55'),
(133, 18, 'fugit', 88, '2019-09-19 06:51:55', '2019-09-19 06:51:55'),
(134, 20, 'et', 77, '2019-09-19 06:51:55', '2019-09-19 06:51:55'),
(135, 37, 'magnam', 80, '2019-09-19 06:51:55', '2019-09-19 06:51:55'),
(136, 34, 'dignissimos', 95, '2019-09-19 06:51:55', '2019-09-19 06:51:55'),
(137, 1, 'molestiae', 80, '2019-09-19 06:51:55', '2019-09-19 06:51:55'),
(138, 8, 'quis', 87, '2019-09-19 06:51:55', '2019-09-19 06:51:55'),
(139, 26, 'nisi', 74, '2019-09-19 06:51:55', '2019-09-19 06:51:55'),
(140, 11, 'numquam', 79, '2019-09-19 06:51:55', '2019-09-19 06:51:55'),
(141, 15, 'fuga', 70, '2019-09-19 06:51:55', '2019-09-19 06:51:55'),
(142, 1, 'dolores', 93, '2019-09-19 06:51:56', '2019-09-19 06:51:56'),
(143, 13, 'aliquid', 89, '2019-09-19 06:51:56', '2019-09-19 06:51:56'),
(144, 8, 'beatae', 99, '2019-09-19 06:51:56', '2019-09-19 06:51:56'),
(145, 33, 'quo', 88, '2019-09-19 06:51:56', '2019-09-19 06:51:56'),
(146, 25, 'reprehenderit', 91, '2019-09-19 06:51:56', '2019-09-19 06:51:56'),
(147, 5, 'est', 74, '2019-09-19 06:51:56', '2019-09-19 06:51:56'),
(148, 28, 'impedit', 78, '2019-09-19 06:51:56', '2019-09-19 06:51:56'),
(149, 18, 'assumenda', 74, '2019-09-19 06:51:56', '2019-09-19 06:51:56'),
(150, 26, 'tempora', 78, '2019-09-19 06:51:56', '2019-09-19 06:51:56'),
(151, 37, 'vitae', 76, '2019-09-19 06:51:56', '2019-09-19 06:51:56'),
(152, 16, 'unde', 87, '2019-09-19 06:51:56', '2019-09-19 06:51:56'),
(153, 33, 'harum', 100, '2019-09-19 06:51:56', '2019-09-19 06:51:56'),
(154, 15, 'id', 93, '2019-09-19 06:51:56', '2019-09-19 06:51:56'),
(155, 1, 'corrupti', 99, '2019-09-19 06:51:56', '2019-09-19 06:51:56'),
(156, 38, 'omnis', 91, '2019-09-19 06:51:56', '2019-09-19 06:51:56'),
(157, 10, 'sequi', 90, '2019-09-19 06:51:57', '2019-09-19 06:51:57'),
(158, 10, 'earum', 83, '2019-09-19 06:51:57', '2019-09-19 06:51:57'),
(159, 35, 'quam', 81, '2019-09-19 06:51:57', '2019-09-19 06:51:57'),
(160, 3, 'sint', 73, '2019-09-19 06:51:57', '2019-09-19 06:51:57'),
(161, 37, 'explicabo', 95, '2019-09-19 06:51:57', '2019-09-19 06:51:57'),
(162, 21, 'sit', 89, '2019-09-19 06:51:57', '2019-09-19 06:51:57'),
(163, 16, 'odit', 100, '2019-09-19 06:51:57', '2019-09-19 06:51:57'),
(164, 7, 'autem', 75, '2019-09-19 06:51:57', '2019-09-19 06:51:57'),
(165, 5, 'non', 73, '2019-09-19 06:51:57', '2019-09-19 06:51:57'),
(166, 21, 'deleniti', 85, '2019-09-19 06:51:57', '2019-09-19 06:51:57'),
(167, 17, 'est', 87, '2019-09-19 06:51:57', '2019-09-19 06:51:57'),
(168, 8, 'quia', 78, '2019-09-19 06:51:57', '2019-09-19 06:51:57'),
(169, 28, 'enim', 95, '2019-09-19 06:51:57', '2019-09-19 06:51:57'),
(170, 35, 'reprehenderit', 81, '2019-09-19 06:51:57', '2019-09-19 06:51:57'),
(171, 3, 'quia', 92, '2019-09-19 06:51:57', '2019-09-19 06:51:57'),
(172, 15, 'iusto', 78, '2019-09-19 06:51:58', '2019-09-19 06:51:58'),
(173, 2, 'cum', 86, '2019-09-19 06:51:58', '2019-09-19 06:51:58'),
(174, 35, 'inventore', 76, '2019-09-19 06:51:58', '2019-09-19 06:51:58'),
(175, 24, 'corporis', 92, '2019-09-19 06:51:58', '2019-09-19 06:51:58'),
(176, 9, 'voluptatibus', 82, '2019-09-19 06:51:58', '2019-09-19 06:51:58'),
(177, 33, 'placeat', 83, '2019-09-19 06:51:58', '2019-09-19 06:51:58'),
(178, 16, 'laboriosam', 73, '2019-09-19 06:51:58', '2019-09-19 06:51:58'),
(179, 37, 'corporis', 79, '2019-09-19 06:51:58', '2019-09-19 06:51:58'),
(180, 35, 'sed', 74, '2019-09-19 06:51:58', '2019-09-19 06:51:58'),
(181, 33, 'perspiciatis', 89, '2019-09-19 06:51:58', '2019-09-19 06:51:58'),
(182, 14, 'eveniet', 86, '2019-09-19 06:51:58', '2019-09-19 06:51:58'),
(183, 16, 'in', 73, '2019-09-19 06:51:58', '2019-09-19 06:51:58'),
(184, 25, 'et', 91, '2019-09-19 06:51:58', '2019-09-19 06:51:58'),
(185, 37, 'vel', 97, '2019-09-19 06:51:58', '2019-09-19 06:51:58'),
(186, 2, 'omnis', 95, '2019-09-19 06:51:59', '2019-09-19 06:51:59'),
(187, 36, 'officia', 80, '2019-09-19 06:51:59', '2019-09-19 06:51:59'),
(188, 13, 'error', 75, '2019-09-19 06:51:59', '2019-09-19 06:51:59'),
(189, 14, 'qui', 98, '2019-09-19 06:51:59', '2019-09-19 06:51:59'),
(190, 18, 'reiciendis', 95, '2019-09-19 06:51:59', '2019-09-19 06:51:59'),
(191, 37, 'eveniet', 77, '2019-09-19 06:51:59', '2019-09-19 06:51:59'),
(192, 14, 'quia', 95, '2019-09-19 06:51:59', '2019-09-19 06:51:59'),
(193, 25, 'exercitationem', 85, '2019-09-19 06:51:59', '2019-09-19 06:51:59'),
(194, 36, 'repellat', 97, '2019-09-19 06:51:59', '2019-09-19 06:51:59'),
(195, 33, 'architecto', 84, '2019-09-19 06:51:59', '2019-09-19 06:51:59'),
(196, 5, 'commodi', 71, '2019-09-19 06:51:59', '2019-09-19 06:51:59'),
(197, 28, 'voluptatem', 82, '2019-09-19 06:51:59', '2019-09-19 06:51:59'),
(198, 38, 'incidunt', 78, '2019-09-19 06:51:59', '2019-09-19 06:51:59'),
(199, 30, 'optio', 74, '2019-09-19 06:51:59', '2019-09-19 06:51:59'),
(200, 2, 'enim', 73, '2019-09-19 06:51:59', '2019-09-19 06:51:59');

-- --------------------------------------------------------

--
-- Table structure for table `migrations`
--

CREATE TABLE `migrations` (
  `id` int(10) UNSIGNED NOT NULL,
  `migration` varchar(255) COLLATE utf8mb4_unicode_ci NOT NULL,
  `batch` int(11) NOT NULL
) ENGINE=InnoDB DEFAULT CHARSET=utf8mb4 COLLATE=utf8mb4_unicode_ci;

--
-- Dumping data for table `migrations`
--

INSERT INTO `migrations` (`id`, `migration`, `batch`) VALUES
(1, '2014_10_12_000000_create_users_table', 1),
(2, '2014_10_12_100000_create_password_resets_table', 1),
(3, '2019_08_19_000000_create_failed_jobs_table', 1),
(4, '2019_09_18_181331_create_students_table', 1),
(5, '2019_09_18_181938_create_grades_table', 1);

-- --------------------------------------------------------

--
-- Table structure for table `password_resets`
--

CREATE TABLE `password_resets` (
  `email` varchar(255) COLLATE utf8mb4_unicode_ci NOT NULL,
  `token` varchar(255) COLLATE utf8mb4_unicode_ci NOT NULL,
  `created_at` timestamp NULL DEFAULT NULL
) ENGINE=InnoDB DEFAULT CHARSET=utf8mb4 COLLATE=utf8mb4_unicode_ci;

-- --------------------------------------------------------

--
-- Table structure for table `students`
--

CREATE TABLE `students` (
  `id` bigint(20) UNSIGNED NOT NULL,
  `first_name` varchar(255) COLLATE utf8mb4_unicode_ci NOT NULL,
  `last_name` varchar(255) COLLATE utf8mb4_unicode_ci NOT NULL,
  `created_at` timestamp NULL DEFAULT NULL,
  `updated_at` timestamp NULL DEFAULT NULL
) ENGINE=InnoDB DEFAULT CHARSET=utf8mb4 COLLATE=utf8mb4_unicode_ci;

--
-- Dumping data for table `students`
--

INSERT INTO `students` (`id`, `first_name`, `last_name`, `created_at`, `updated_at`) VALUES
(1, 'Nichole', 'Schamberger', '2019-09-19 06:51:09', '2019-09-19 06:51:09'),
(2, 'Reynold', 'Runolfsdottir', '2019-09-19 06:51:09', '2019-09-19 06:51:09'),
(3, 'Roslyn', 'Connelly', '2019-09-19 06:51:09', '2019-09-19 06:51:09'),
(4, 'Ronaldo', 'Cassin', '2019-09-19 06:51:09', '2019-09-19 06:51:09'),
(5, 'Price', 'Torp', '2019-09-19 06:51:09', '2019-09-19 06:51:09'),
(6, 'Oswaldo', 'Douglas', '2019-09-19 06:51:09', '2019-09-19 06:51:09'),
(7, 'Eldridge', 'Collins', '2019-09-19 06:51:09', '2019-09-19 06:51:09'),
(8, 'Asa', 'Sporer', '2019-09-19 06:51:09', '2019-09-19 06:51:09'),
(9, 'Andreanne', 'Durgan', '2019-09-19 06:51:09', '2019-09-19 06:51:09'),
(10, 'Elbert', 'Parker', '2019-09-19 06:51:09', '2019-09-19 06:51:09'),
(11, 'Josue', 'Huel', '2019-09-19 06:51:09', '2019-09-19 06:51:09'),
(12, 'Daphnee', 'Rippin', '2019-09-19 06:51:09', '2019-09-19 06:51:09'),
(13, 'Norris', 'Lebsack', '2019-09-19 06:51:09', '2019-09-19 06:51:09'),
(14, 'Fritz', 'Hilpert', '2019-09-19 06:51:09', '2019-09-19 06:51:09'),
(15, 'Caroline', 'Jacobs', '2019-09-19 06:51:09', '2019-09-19 06:51:09'),
(16, 'Viviane', 'Satterfield', '2019-09-19 06:51:10', '2019-09-19 06:51:10'),
(17, 'Monica', 'Keeling', '2019-09-19 06:51:10', '2019-09-19 06:51:10'),
(18, 'Alfredo', 'Gutmann', '2019-09-19 06:51:10', '2019-09-19 06:51:10'),
(19, 'Neoma', 'Stanton', '2019-09-19 06:51:10', '2019-09-19 06:51:10'),
(20, 'Steve', 'Osinski', '2019-09-19 06:51:10', '2019-09-19 06:51:10'),
(21, 'Janiya', 'Emard', '2019-09-19 06:51:45', '2019-09-19 06:51:45'),
(22, 'Ernie', 'Walter', '2019-09-19 06:51:45', '2019-09-19 06:51:45'),
(23, 'Lukas', 'Mayert', '2019-09-19 06:51:45', '2019-09-19 06:51:45'),
(24, 'Dolores', 'Deckow', '2019-09-19 06:51:45', '2019-09-19 06:51:45'),
(25, 'Jabari', 'Howe', '2019-09-19 06:51:45', '2019-09-19 06:51:45'),
(26, 'Price', 'Halvorson', '2019-09-19 06:51:45', '2019-09-19 06:51:45'),
(27, 'Gideon', 'Feeney', '2019-09-19 06:51:45', '2019-09-19 06:51:45'),
(28, 'Cory', 'Pouros', '2019-09-19 06:51:45', '2019-09-19 06:51:45'),
(29, 'Torrance', 'Boyer', '2019-09-19 06:51:45', '2019-09-19 06:51:45'),
(30, 'Rene', 'Kub', '2019-09-19 06:51:45', '2019-09-19 06:51:45'),
(31, 'Jessie', 'Kautzer', '2019-09-19 06:51:45', '2019-09-19 06:51:45'),
(32, 'Gerardo', 'Christiansen', '2019-09-19 06:51:45', '2019-09-19 06:51:45'),
(33, 'Demond', 'Parker', '2019-09-19 06:51:45', '2019-09-19 06:51:45'),
(34, 'Jazmin', 'Waelchi', '2019-09-19 06:51:46', '2019-09-19 06:51:46'),
(35, 'Sean', 'Langworth', '2019-09-19 06:51:46', '2019-09-19 06:51:46'),
(36, 'Onie', 'Boyle', '2019-09-19 06:51:46', '2019-09-19 06:51:46'),
(37, 'Bennie', 'Rath', '2019-09-19 06:51:46', '2019-09-19 06:51:46'),
(38, 'Rowena', 'Doyle', '2019-09-19 06:51:46', '2019-09-19 06:51:46'),
(39, 'Adah', 'Padberg', '2019-09-19 06:51:46', '2019-09-19 06:51:46'),
(40, 'Kamren', 'Osinski', '2019-09-19 06:51:46', '2019-09-19 06:51:46');

-- --------------------------------------------------------

--
-- Table structure for table `users`
--

CREATE TABLE `users` (
  `id` bigint(20) UNSIGNED NOT NULL,
  `name` varchar(255) COLLATE utf8mb4_unicode_ci NOT NULL,
  `email` varchar(255) COLLATE utf8mb4_unicode_ci NOT NULL,
  `email_verified_at` timestamp NULL DEFAULT NULL,
  `password` varchar(255) COLLATE utf8mb4_unicode_ci NOT NULL,
  `remember_token` varchar(100) COLLATE utf8mb4_unicode_ci DEFAULT NULL,
  `created_at` timestamp NULL DEFAULT NULL,
  `updated_at` timestamp NULL DEFAULT NULL
) ENGINE=InnoDB DEFAULT CHARSET=utf8mb4 COLLATE=utf8mb4_unicode_ci;

--
-- Indexes for dumped tables
--

--
-- Indexes for table `failed_jobs`
--
ALTER TABLE `failed_jobs`
  ADD PRIMARY KEY (`id`);

--
-- Indexes for table `grades`
--
ALTER TABLE `grades`
  ADD PRIMARY KEY (`id`),
  ADD KEY `grades_student_id_foreign` (`student_id`);

--
-- Indexes for table `migrations`
--
ALTER TABLE `migrations`
  ADD PRIMARY KEY (`id`);

--
-- Indexes for table `password_resets`
--
ALTER TABLE `password_resets`
  ADD KEY `password_resets_email_index` (`email`);

--
-- Indexes for table `students`
--
ALTER TABLE `students`
  ADD PRIMARY KEY (`id`);

--
-- Indexes for table `users`
--
ALTER TABLE `users`
  ADD PRIMARY KEY (`id`),
  ADD UNIQUE KEY `users_email_unique` (`email`);

--
-- AUTO_INCREMENT for dumped tables
--

--
-- AUTO_INCREMENT for table `failed_jobs`
--
ALTER TABLE `failed_jobs`
  MODIFY `id` bigint(20) UNSIGNED NOT NULL AUTO_INCREMENT;

--
-- AUTO_INCREMENT for table `grades`
--
ALTER TABLE `grades`
  MODIFY `id` bigint(20) UNSIGNED NOT NULL AUTO_INCREMENT, AUTO_INCREMENT=201;

--
-- AUTO_INCREMENT for table `migrations`
--
ALTER TABLE `migrations`
  MODIFY `id` int(10) UNSIGNED NOT NULL AUTO_INCREMENT, AUTO_INCREMENT=6;

--
-- AUTO_INCREMENT for table `students`
--
ALTER TABLE `students`
  MODIFY `id` bigint(20) UNSIGNED NOT NULL AUTO_INCREMENT, AUTO_INCREMENT=41;

--
-- AUTO_INCREMENT for table `users`
--
ALTER TABLE `users`
  MODIFY `id` bigint(20) UNSIGNED NOT NULL AUTO_INCREMENT;

--
-- Constraints for dumped tables
--

--
-- Constraints for table `grades`
--
ALTER TABLE `grades`
  ADD CONSTRAINT `grades_student_id_foreign` FOREIGN KEY (`student_id`) REFERENCES `students` (`id`) ON DELETE CASCADE;
COMMIT;

/*!40101 SET CHARACTER_SET_CLIENT=@OLD_CHARACTER_SET_CLIENT */;
/*!40101 SET CHARACTER_SET_RESULTS=@OLD_CHARACTER_SET_RESULTS */;
/*!40101 SET COLLATION_CONNECTION=@OLD_COLLATION_CONNECTION */;
